Question #,Task ID,Category,Question,Expected/Criteria,AI Answer,Score
1,BASIC_01,Data Understanding,Which vehicle model sold the most units in the US in 2024? [Answer: model name o...,Fiesta,Fiesta,8.4/10 (84%)
2,BASIC_02,Data Understanding,How many total units did the Escape model sell across all regions in 2024? [Answ...,763992,763992,9.5/10 (95%)
3,BASIC_03,Data Understanding,"Which region had the highest sales for the F150? [Answer: region name only, no q...",AU,AU,8.4/10 (84%)
4,BASIC_04,Data Understanding,How many unique dealers are listed in the dealer_claims dataset? [Answer: provid...,50,50,9.5/10 (95%)
5,BASIC_05,Data Understanding,"How many warranty claims are in the dataset? [Answer: provide the count only, no...",1128,1128,9.5/10 (95%)
6,CLEAN_01,Data Cleaning,Identify two data quality issues in the warranty_claims dataset.,"['missing mileage value', 'negative repair cost']","1. Missing values (`NA`) in the `mileage` column.
2. Negative values in the `repair_cost` column.",7.3/15 (49%)
7,CLEAN_02,Data Cleaning,Which model appears to have the most data quality issues?,Focus,Focus,14.2/15 (95%)
8,CLEAN_03,Data Cleaning,Are there any obvious data inconsistencies in the sales_data? Explain.,No obvious inconsistencies; all values appear valid and consistent.,"There are no structural data errors (such as missing values, nulls, negative sales, or invalid data types) in the dataset. However, there are obvious **logical and business inconsistencies** indicating that this is randomly generated synthetic data:

1. **Illogical Pricing (Revenue vs. Units Sold):*...",9.0/15 (60%)
9,CLEAN_04,Data Cleaning,How would you handle the missing mileage value in claim_id 3?,"claim_id 3 has a mileage value (90680), so no handling is needed; this is not a missing value issue.","The mileage value for claim_id 3 is not missing (it is 90680), so no handling is required.",10.3/15 (69%)
10,EDA_01,Exploratory Data Analysis,Which dealer has the highest number of warranty claims? [Answer: dealer name(s) ...,D4 and D3 (tied with 32 claims each); D4 or D3,"D3, D4, D27",8.1/15 (54%)
11,EDA_02,Exploratory Data Analysis,Identify any anomalies in the vehicle_telemetry data and suggest possible causes...,Engine temperature spike at time 4 (140 degrees); possible engine overheating or sensor malfunction.,"Based on the provided dataset, there are two primary anomalies:

1. **Random/Non-Monotonic Mileage Readings (`mileage_km`)**
   * **Anomaly:** The odometer readings randomly increase and decrease between consecutive timestamps for the same vehicle. Furthermore, the jumps between readings imply physi...",9.3/15 (62%)
12,EDA_03,Exploratory Data Analysis,"Which model appears most frequently in warranty claims, and what might this indi...",F150; may indicate quality issues or higher failure rate in this model.,F150; this could indicate that the F150 has a significantly higher sales volume (more vehicles on the road naturally lead to more total claims) or potentially a higher defect/failure rate requiring warranty repairs compared to other models.,10.6/15 (71%)
13,EDA_04,Exploratory Data Analysis,Compare regional sales distribution. Which region is strongest for Ford overall?,AU region has the highest total sales across all models.,AU,7.0/15 (47%)
14,EDA_05,Exploratory Data Analysis,Rank vehicle models by total sales across all regions. [Answer: provide ranked l...,"1. Fiesta (2,463,163 units), 2. Focus (2,188,894 units), 3. Mustang (2,179,611 units), 4. Bronco (2,114,373 units), 5. EdgeSUV (2,059,935 units), 6. F150 (2,034,281 units), 7. Explorer (1,986,669 units), 8. Escape (1,974,914 units), 9. Ranger (1,886,505 units), 10. Fusion (1,855,900 units)","1. Fiesta: 2,463,163
2. Focus: 2,188,894
3. Mustang: 2,179,611
4. Bronco: 2,114,373
5. EdgeSUV: 2,059,935
6. F150: 2,034,281
7. Explorer: 1,986,669
8. Escape: 1,974,914
9. Ranger: 1,886,505
10. Fusion: 1,855,900",9.7/15 (65%)
15,STAT_01,Statistical Analysis,What is the average repair cost across all warranty claims (excluding invalid en...,529.27,529.27,19.0/20 (95%)
16,STAT_02,Statistical Analysis,What is the median repair cost? How does it compare to the mean? [Answer: provid...,"Median is 540.00, which is slightly higher than the mean (529.27), indicating a right-skewed distribution with outliers on the high end.","- **Median repair cost:** ~516
- **Mean repair cost:** ~496",9.8/20 (49%)
17,STAT_03,Statistical Analysis,"What is the coefficient of variation in US sales across all models, and what doe...",Moderate variation at approximately 21%; indicates some differentiation in market demand across models but relatively consistent overall.,"The coefficient of variation (CV) for US units sold is approximately **36.03% (0.36)** across the individual yearly sales records, or **21.03% (0.21)** if looking at the total aggregated sales per model.",10.6/20 (53%)
18,STAT_04,Statistical Analysis,Is D14's warranty claims rate statistically unusual? Explain your reasoning.,"No; D14 has 11 claims, which is below the mean (22.56) and within normal variation (z-score: -2.43). Not a statistical outlier.","No, D14's warranty claims rate is not statistically unusual when accounting for the multiple dealers in the dataset.",13.4/20 (67%)
19,SQL_01,SQL & Query Logic,Write an SQL query to find total sales units per region.,"SELECT region, SUM(units_sold) FROM sales GROUP BY region;","SELECT region, SUM(units_sold) AS total_units
FROM sales_data
GROUP BY region;",18.6/20 (93%)
20,SQL_02,SQL & Query Logic,Write an SQL query to find the average units sold per model across all regions.,"SELECT model, AVG(units_sold) FROM sales GROUP BY model;","SELECT model, AVG(units_sold) AS avg_units_sold
FROM sales_data
GROUP BY model;",18.6/20 (93%)
21,SQL_03,SQL & Query Logic,Write an SQL query to find the model with the highest average repair cost.,"SELECT model, AVG(repair_cost) FROM warranties WHERE repair_cost > 0 GROUP BY model ORDER BY AVG(repair_cost) DESC LIMIT 1;","SELECT model
FROM warranty_claims
GROUP BY model
ORDER BY AVG(repair_cost) DESC
LIMIT 1;",12.5/20 (62%)
22,SQL_04,SQL & Query Logic,"Write an SQL query to find all sales records where units_sold exceed 100,000.",SELECT * FROM sales WHERE units_sold > 100000;,SELECT * FROM sales_data WHERE units_sold > 100000;,18.6/20 (93%)
23,BIZ_01,Business Insight,"Based on regional sales data, what strategic recommendations would you make for ...",Increase EV production/marketing in EU (stronger demand); maintain F150 dominance in US; explore growth strategies in Asia.,"1. **Focus on High-Yield Markets & Models:** Allocate more marketing and manufacturing resources to top-performing segments that consistently generate the highest revenue. 
2. **Investigate Sales Anomalies:** Address sharp year-over-year fluctuations (such as the drastic drop in F-150 US sales in 20...",12.5/20 (62%)
24,BIZ_02,Business Insight,Which model requires immediate quality investigation and why?,"Escape; appears in 5 of 10 claims, suggesting quality or design issues requiring investigation.",**F150**,9.3/20 (46%)
25,BIZ_03,Business Insight,Dealer D14 has 110 monthly claims vs. average 26. What action should Ford take?,Investigate D14 for operational/quality issues; provide support or retraining; audit dealer practices.,Audit,9.5/20 (48%)
26,BIZ_04,Business Insight,The engine temperature spike in the telemetry data could impact warranty costs. ...,Risk of engine failure; increased warranty claims; potential recall costs; impact on brand reputation.,"Engine temperature spikes indicate potential overheating, which can lead to severe and irreversible engine damage (such as blown head gaskets or warped cylinders). If these vehicles are still under warranty, this will result in a surge of highly expensive warranty claims for major engine repairs or ...",13.5/20 (67%)
27,INST_01,Instruction Following,"First, analyze sales data to find the top model. Then, provide warranty claim di...","Fiesta is the top-selling model (2,463,163 units). Warranty claims for Fiesta: 18 total, avg repair cost $512.50, failures: P0401 (12) and P0301 (6).","-- Step 1: Analyze sales data to find the top model
WITH TopModel AS (
    SELECT model_id
    FROM sales
    GROUP BY model_id
    ORDER BY SUM(quantity) DESC
    LIMIT 1
)

-- Step 2: Provide warranty claim distribution for that model only
SELECT 
    claim_type, 
    COUNT(*) AS claim_count
FROM ...",10.6/20 (53%)
28,INST_02,Instruction Following,Calculate average mileage for warranty claims in US region ONLY. Do not include ...,"US-only average mileage: 67,832 km. Trend: Peak Q3-Q4 (45-55 claims/month), lowest Q2 (15-20 claims/month).","I am unable to calculate the actual average mileage or provide a trend analysis because no dataset or data values were provided in your prompt. Please supply the relevant warranty claims data, and I will be happy to perform the calculations and analysis for the US region.",10.9/25 (44%)
29,INST_03,Instruction Following,Start with dealer claims data. Sort dealers by claims per month. THEN and ONLY T...,"EU dealers with >25 monthly claims: D16 (28), D17 (27), D18 (26).","import pandas as pd

# 1. Start with dealer claims data and sort dealers by claims per month
sorted_dealers = dealer_claims_data.sort_values(by='claims_per_month', ascending=False)

# 2. THEN and ONLY THEN, identify dealers in the EU region with claims > 25
eu_dealers_filtered = sorted_dealers[(sort...",12.3/25 (49%)
30,INST_04,Instruction Following,"Review vehicle telemetry. Identify anomalies. FIRST report the anomalies found, ...","Anomalies: (1) Non-monotonic mileage (backwards jumps), (2) Temp spike 140°C at t=4, (3) Erratic pressure. Causes: (1) Odometer fault, (2) Engine overheat, (3) Sensor malfunction. Actions: (1) Replace sensor, (2) Service cooling, (3) Replace sensors.","*(Note: As no specific telemetry data was provided in your prompt, the following is an analysis based on common, representative vehicle telemetry data.)*",12.4/30 (41%)
31,INST_05,Instruction Following,Generate business insights in this exact order: 1) Data observation 2) Market im...,"1) EU 35% higher sales than Asia, prefers Mustang/Bronco. 2) Implication: Premium preference in EU, budget potential in Asia. 3) Risk: Market saturation EU, competitors gaining Asia. 4) Recommend: Expand budget in Asia, consolidate premium in EU for margin optimization.","Here is a hypothetical business insight based on your requested structure, as no specific data was provided:

1) Data observation: Mobile site traffic has increased by 15%, but checkout completion rates on mobile devices have declined by 8%.
2) Market implication: Customers are actively browsing pro...",15.9/35 (45%)
32,DF_01,Dataform Development,"Write a simple Dataform SQL file that creates a table from sales_data, adding a ...","config { type: 'table' } SELECT model, region, units_sold, year, revenue_millions, CASE WHEN model='F150' THEN units_sold*35000 WHEN model='Escape' THEN units_sold*18000 WHEN model='Bronco' THEN units_sold*25000 WHEN model='Mustang' THEN units_sold*30000 ELSE NULL END AS calc_revenue","config {
  type: ""table""
}

SELECT
  *,
  CASE model
    WHEN 'F150' THEN units_sold * 35000
    WHEN 'Escape' THEN units_sold * 18000
    WHEN 'Bronco' THEN units_sold * 25000
    WHEN 'Mustang' THEN units_sold * 30000
    ELSE NULL
  END AS revenue
FROM
  ${ref(""sales_data"")}",12.0/25 (48%)
33,DF_02,Dataform Development,Create a Dataform materialized table that aggregates sales by region. Should inc...,"config { type: 'materialized_view' } SELECT region, SUM(units_sold) AS total_units, SUM(units_sold)/COUNT(DISTINCT model) AS avg_per_model FROM sales GROUP BY region","config {
  type: ""table""
}

SELECT
  region,
  SUM(units_sold) AS total_units,
  SUM(units_sold) / COUNT(DISTINCT model) AS average_units_per_model
FROM
  ${ref(""sales_data"")}
GROUP BY
  region",13.1/25 (52%)
34,DF_03,Dataform Development,Write Dataform SQL with dependencies. First table: clean warranty claims (exclud...,"clean_warranty.sqlx: config{type:'table'} SELECT * FROM warranty WHERE repair_cost>0. summary.sqlx: config{dependencies:['clean_warranty']} SELECT model, COUNT(*), AVG(repair_cost) FROM ref('clean_warranty') GROUP BY model","-- File: definitions/clean_warranty_claims.sqlx
config {
  type: ""table"",
  name: ""clean_warranty_claims"",
  description: ""Cleans warranty claims dataset by removing records with negative repair costs.""
}

SELECT 
  claim_id, 
  model, 
  dealer, 
  mileage, 
  repair_cost, 
  failure_code, 
  claim...",13.1/30 (44%)
35,DF_04,Dataform Development,Create a Dataform incremental table for warranty claims that only processes new ...,"config{type:'incremental',pre_operations:['BEGIN'],post_operations:['SELECT COUNT(*) FROM warranty WHERE date>=TODAY()-1']} SELECT * FROM warranty WHERE date>=TODAY()-1","config {
  type: ""incremental"",
  uniqueKey: [""claim_id""]
}

pre_operations {
  -- Pre-operation data validation: Ensure the source table has records to process
  ASSERT (
    SELECT COUNT(*) FROM ${ref(""warranty_claims"")}
  ) > 0 AS ""Source table 'warranty_claims' is empty"";
}

SELECT
  claim_id,
 ...",17.1/30 (57%)
36,DF_05,Dataform Development,"Build a complete Dataform project with 3 tables: 1) Raw sales staging, 2) Cleane...","3-table project: staging (type cast), clean_warranty (filter repair_cost>0), summary (agg with proper refs and dependencies).","-- ==========================================
-- File: definitions/sources/declarations.sqlx
-- ==========================================
config {
  type: ""declaration"",
  database: ""your_gcp_project"",
  schema: ""raw_data"",
  name: ""sales_data""
}

-- ==========================================
-- Fi...",13.6/35 (39%)
37,SQLD_01,SQL Dialect Specificity,Write a BigQuery-specific query to calculate the average repair_cost. Use BigQue...,SELECT AVG(repair_cost) AS avg_repair_cost FROM `project.dataset.warranty_claims` WHERE repair_cost > 0,"SELECT 
  AVG(repair_cost) AS average_repair_cost
FROM 
  `your_project.your_dataset.your_table_name`;",8.8/20 (44%)
38,SQLD_02,SQL Dialect Specificity,Rewrite as MySQL: Get total sales per region and per model. MySQL uses different...,"SELECT region, model, SUM(units_sold) AS total_sales FROM sales GROUP BY region, model WITH ROLLUP;","-- If you are translating BigQuery's ROLLUP (i.e., GROUP BY ROLLUP(region, model))
-- MySQL puts the WITH ROLLUP modifier at the end of the clause:
SELECT 
    region, 
    model, 
    SUM(sales) AS total_sales
FROM sales
GROUP BY region, model WITH ROLLUP;


-- If you are translating BigQuery's GRO...",14.6/20 (73%)
39,SQLD_03,SQL Dialect Specificity,"In Dataform/BigQuery, you CANNOT use ANY_VALUE in aggregations. Rewrite this que...","SELECT model, ARRAY_AGG(repair_cost ORDER BY repair_cost LIMIT 1)[0] FROM warranty_claims GROUP BY model","-- Option 1: Use MIN() or MAX() if you must use GROUP BY (Simplest aggregation replacement)
SELECT 
  model, 
  MAX(repair_cost) AS repair_cost 
FROM warranty_claims 
GROUP BY model;

-- Option 2: Use QUALIFY (The most idiomatic BigQuery replacement to get an arbitrary row without grouping)
SELECT 
...",11.8/25 (47%)
40,SQLD_04,SQL Dialect Specificity,Write a PostgreSQL-specific recursive query. Do not use BigQuery window function...,"WITH RECURSIVE dealer_hierarchy AS (SELECT id, region, NULL AS parent, 1 AS level FROM dealers WHERE parent IS NULL UNION ALL SELECT d.id, d.region, d.parent, h.level+1 FROM dealers d JOIN dealer_hierarchy h ON d.parent=h.id) SELECT * FROM dealer_hierarchy ORDER BY region, level;","WITH RECURSIVE dealer_hierarchy AS (
    -- Anchor member: Select the top-level dealers (those without a parent)
    SELECT 
        dealer_id,
        dealer_name,
        parent_dealer_id,
        region,
        1 AS hierarchy_level,
        CAST(dealer_name AS text) AS hierarchy_path
    FROM 
 ...",15.4/25 (62%)
41,SQLD_05,SQL Dialect Specificity,Given: You're in Dataform/BigQuery. Rewrite this MySQL query to work with Datafo...,"SELECT model, COUNT(DISTINCT dealer) FROM `project.dataset.sales` WHERE region='US' GROUP BY model;","SELECT 
  model, 
  COUNT(DISTINCT dealer_id) AS dealer_count 
FROM ${ref(""sales"")} 
WHERE region = 'US' 
GROUP BY model",26.7/30 (89%)
42,SQLC_01,Complex SQL,Write a query using a CTE (Common Table Expression) to: 1) Filter warranty claim...,"Required: WITH, CTE, RANK() OVER","WITH FilteredClaims AS (
    SELECT 
        model, 
        COUNT(*) AS claim_count
    FROM 
        warranty_claims
    WHERE 
        repair_cost > 300
    GROUP BY 
        model
)
SELECT 
    model, 
    claim_count,
    RANK() OVER (ORDER BY claim_count DESC) AS claim_rank
FROM 
    FilteredC...",25.6/30 (85%)
43,SQLC_02,Complex SQL,Write a query with nested subqueries: Find regions where average sales per model...,"Required: subqueries, GROUP BY, HAVING","SELECT region, model
FROM (
    SELECT region, model, AVG(units_sold) AS avg_sales
    FROM sales_data
    GROUP BY region, model
) AS regional_sales
WHERE avg_sales > (
    SELECT AVG(units_sold)
    FROM sales_data
);",25.5/30 (85%)
44,SQLC_03,Complex SQL,"Build a multi-level CTE query: 1) CTE1: Clean warranty data, 2) CTE2: Aggregate ...","Required: MULTIPLE CTEs, PERCENTILE_CONT, JOIN","WITH Clean_Data AS (
    -- CTE 1: Clean warranty data by filtering out missing mileage and negative repair costs
    SELECT 
        claim_id,
        model,
        dealer,
        CAST(mileage AS INT) AS mileage,
        CAST(repair_cost AS DECIMAL(10,2)) AS repair_cost,
        failure_code,
   ...",27.9/35 (80%)
45,SQLC_04,Complex SQL,Write a recursive CTE that builds a time-series anomaly detection. Start with te...,"Required: RECURSIVE CTE, window functions, standard deviation","WITH RECURSIVE RankedData AS (
    -- Step 1: Assign a chronological row number per vehicle to allow step-by-step recursion
    SELECT 
        vehicle_id,
        timestamp,
        engine_temp_c,
        ROW_NUMBER() OVER (PARTITION BY vehicle_id ORDER BY timestamp) AS rn
    FROM vehicle_telemetr...",34.0/40 (85%)
46,SQLC_05,Complex SQL,"Advanced: Combine multiple CTEs (5+) with window functions, JSON operations, and...","Required: 5+ CTEs, WINDOW functions, LAG/LEAD, complex JOINs","WITH RawJSONExtraction AS (
    -- CTE 1: Extract claim attributes from JSON and filter base valid records
    SELECT 
        claim_id,
        dealer_id,
        DATE_TRUNC('month', claim_date) AS claim_month,
        claim_amount,
        (claim_details->>'severity_score')::int AS severity_score,...",35.9/45 (80%)
47,PEFF_01,Prompt Efficiency,With one sentence: 'Find the top-selling model.' Does the AI provide the correct...,"Optimized: explicit format upfront, single example, constraints listed, bullets not prose. Result: 30-40% token reduction maintaining quality.","No, an AI cannot provide the correct answer based solely on that one sentence because it completely lacks the necessary context (such as the specific database, company, product category, or timeframe) required to identify what ""model"" is being referred to.",9.7/15 (65%)
48,PEFF_02,Prompt Efficiency,"Brief prompt: 'Warranty issues.' Without further context, can the AI identify th...","Chain-of-thought: +25% accuracy, +15% tokens. Few-shot: +40% accuracy, +20% tokens. Use few-shot for facts, CoT for reasoning.",No,6.8/15 (45%)
49,PEFF_03,Prompt Efficiency,One-liner: 'Strategic insight on regional performance.' Provide a complete busin...,"Required: region comparison, strategic recommendation, business context",**Business Recommendation: Strategic Regional Performance Optimization**,13.9/20 (70%)
50,PEFF_04,Prompt Efficiency,Vague prompt: 'Anomalies?' Can the AI identify what you mean and provide results...,"Required: acknowledges ambiguity, requests clarification, provides relevant examples","No, without prior conversation context, the AI cannot identify exactly what you mean by the single word ""Anomalies?"". It lacks the necessary domain context (e.g., whether you are referring to data science, medicine, astronomy, or a specific book/game). Instead of providing specific results, it will ...",15.9/20 (80%)
51,PEFF_05,Prompt Efficiency,"Ultra-minimal: 'Query it.' Can the AI figure out you want a SQL query, identify ...","Required: SQL query syntax, FROM clause, SELECT statement","No. Without prior context, an attached dataset, or a defined schema, the AI cannot identify what ""it"" refers to. While it can infer you want a database query and provide a generic placeholder (like `SELECT * FROM table_name;`), it cannot write a proper, functional SQL query for a specific dataset wi...",19.9/25 (80%)
52,DOCREAD_01,Document Reading & Extraction,Read the specification document. Extract the warranty policy for the F150 model.,"Warranty valid 24 months or 30,000 miles. Covers manufacturing defects, excluded: wear/tear, misuse, accidents, maintenance. Proof: registration, service records, purchase documentation. Claim: within 30 days of defect discovery.",Here is the extracted warranty policy for the Ford F150 (2024-2026 Model Years):,7.7/20 (39%)
53,DOCREAD_02,Document Reading & Extraction,From the business requirements doc: What is the primary objective of the quality...,"5 vehicles mentioned: F-150 (pickup, commercial), Escape (SUV, family), Fiesta (sedan, affordable), Mustang (sports, premium), Bronco (SUV, adventure). Each has distinct positioning.",To reduce warranty claims by 25% within 18 months through data-driven quality improvements and root cause analysis.,11.6/20 (58%)
54,DOCREAD_03,Document Reading & Extraction,"Extract all SQL requirements, database specifications, and naming conventions fr...","Recommendation: implement predictive maintenance before 20,000 miles based on telemetry patterns. Expected benefit: 35-40% reduction in warranty claims.","Based on the provided technical specification document, here are the extracted SQL requirements, database specifications, and naming conventions:

### 1. DATABASE SPECIFICATIONS
**Technology Stack:**
*   **Primary/Analytical Engine:** Google BigQuery (cloud-based data warehouse)
*   **Backup/Transac...",12.4/25 (49%)
55,DOCREAD_04,Document Reading & Extraction,"From the data dictionary, find: What does 'repair_cost' field represent? What ar...","3 regions: US (high volume, budget focus), EU (medium, premium preference), Asia (emerging, growth potential). Strategy: EU consolidate premium, Asia expand value.","- **Represents:** Total warranty repair cost in USD.
- **Valid Values:** > 0 (must be positive). Any negative values indicate credits/adjustments and should be flagged as data errors.
- **Business Rules:** The cost cannot exceed policy limits and must be approved by the dealer.",13.5/25 (54%)
56,DOCREAD_05,Document Reading & Extraction,Synthesize information from requirements doc: What are the 5 key analytical ques...,"Data security: all dealer data encrypted, backup daily, retention 7 years. Privacy: compliant GDPR/CCPA, customer consent required, audit trail maintained.",The 5 key analytical questions the system must answer (under Objective 1) and their required data fields are:,20.3/30 (68%)
57,WEB_01,Website Development,Create a simple HTML page displaying sales data in a table. Include CSS styling ...,"Required: HTML table, CSS styling, header, responsive layout","<!DOCTYPE html>
<html lang=""en"">
<head>
    <meta charset=""UTF-8"">
    <meta name=""viewport"" content=""width=device-width, initial-scale=1.0"">
    <title>Sales Data</title>
    <style>
        body {
            font-family: 'Segoe UI', Tahoma, Geneva, Verdana, sans-serif;
            background-colo...",13.9/20 (70%)
58,WEB_02,Website Development,Write JavaScript code to filter a table by region. Users should be able to selec...,"Required: JavaScript function, DOM manipulation, event listener","// Add an event listener to the region dropdown to detect changes
document.getElementById('regionFilter').addEventListener('change', function() {
  // Get the currently selected region value
  const selectedRegion = this.value.toLowerCase().trim();
  
  // Select all data rows inside the table body ...",17.0/20 (85%)
59,WEB_03,Website Development,Build a React component that displays warranty claims data with sorting and filt...,"Required: React component, useState, event handlers, data mapping","import React, { useState, useMemo } from 'react';

// Mock data for warranty claims
const mockClaimsData = [
  { id: 'WC-1001', customer: 'Alice Johnson', product: 'Laptop Pro 15', status: 'Approved', amount: 1200, date: '2023-10-01' },
  { id: 'WC-1002', customer: 'Bob Smith', product: 'Wireless Mo...",18.7/25 (75%)
60,WEB_04,Website Development,Create a dashboard layout with multiple data visualization sections (sales trend...,"Required: layout structure, charts/graphs, interactivity","<!DOCTYPE html>
<html lang=""en"">
<head>
    <meta charset=""UTF-8"">
    <meta name=""viewport"" content=""width=device-width, initial-scale=1.0"">
    <title>Interactive Dashboard</title>
    <!-- Importing Chart.js for data visualization -->
    <script src=""https://cdn.jsdelivr.net/npm/chart.js""></scri...",20.0/25 (80%)
61,WEB_05,Website Development,Build a full-stack mini dashboard: Backend API endpoint (Node.js/Python) that se...,"Required: API endpoint, Frontend component, data fetching, error handling","/* =========================================
   BACKEND: server.js (Node.js + Express)
   Setup: npm init -y && npm install express cors
   Run: node server.js
   ========================================= */
const express = require('express');
const cors = require('cors');

const app = express();
ap...",23.9/30 (80%)
62,PIPE_01,Pipeline Development,Design a data pipeline: CSV â†’ cleaning â†’ aggregation â†’ output. Write pseud...,"DAG: Raw data → Validate → Clean → Transform → Aggregate → Load. Each stage with error handling, logging, retry logic. Schedule: hourly for real-time, daily for batch. Monitoring: row counts, null %, schema drift.","import pandas as pd

def extract(file_path: str) -> pd.DataFrame:
    """"""Stage 1: Extract data from CSV.""""""
    print(f""Reading data from {file_path}..."")
    # Load CSV into a pandas DataFrame
    return pd.read_csv(file_path)

def clean(df: pd.DataFrame) -> pd.DataFrame:
    """"""Stage 2: Clean the ...",8.7/20 (43%)
63,PIPE_02,Pipeline Development,"Write Python code to load a CSV, clean missing values, and export to a new CSV. ...","Data quality checks: (1) Row count variance >20%, (2) Null % increase, (3) Value range outliers, (4) Duplicate key detection. On failure: alert + hold, on pass: continue.","import pandas as pd

def clean_and_export_csv(input_filepath, output_filepath):
    """"""
    Loads a CSV file, removes rows with missing values, and exports to a new CSV.
    Includes comprehensive error handling.
    """"""
    try:
        # 1. Load the CSV file
        df = pd.read_csv(input_filepath...",9.6/20 (48%)
64,PIPE_03,Pipeline Development,Create a data validation pipeline: Load warranty claims â†’ validate repair_cost...,"Incremental strategy: daily partition by claim_date, track last_run timestamp. Load: merge into final table, update modified records, archive deleted ones. Idempotent: safe re-run.","import pandas as pd

# 1. Load warranty claims (using sample data for demonstration)
# In practice: claims_df = pd.read_csv('warranty_claims.csv')
claims_df = pd.DataFrame({
    'claim_id': [101, 102, 103, 104, 105],
    'item': ['Laptop', 'Phone', 'Tablet', 'Monitor', 'Keyboard'],
    'repair_cost'...",N/A
65,PIPE_04,Pipeline Development,"Build a multi-source ETL pipeline: Load sales + warranty data, join on model, ge...","Tools: Python + Airflow/Prefect for orchestration, Pandas/Spark for transform, BigQuery/Snowflake for warehouse. Source connector: Salesforce, internal APIs, CSV uploads with versioning.","import pandas as pd
from airflow import DAG
from airflow.operators.python import PythonOperator
from datetime import datetime

# ==========================================
# 1. ETL Pipeline Functions
# ==========================================

def extract_data(**kwargs):
    """"""EXTRACT: Load data ...",10.9/25 (44%)
66,PIPE_05,Pipeline Development,Design an production-ready data pipeline with Airflow DAG structure: Data ingest...,"Error handling: dead-letter queue for bad records (schema mismatch, invalid values), manual review, correction, replay. Logging: start/end/duration, row counts, error details. SLA: 99% uptime, <1 hour latency.","""""""
Production-Ready Data Pipeline DAG
----------------------------------
This Airflow DAG orchestrates a robust ELT pipeline featuring:
1. Configuration: Centralized default arguments, retries, and alerting.
2. Notifications: Slack callbacks on task failure and pipeline success.
3. Ingestion: Extra...",13.1/30 (44%)
67,ARCH_01,Architecture & Design,Sketch a simple data architecture: Data source â†’ Storage â†’ Processing â†’ An...,"Components: API Layer (REST), Business Logic (service layer), Data Layer (DAL), Database (warehouse). Flow: Request → Schema Validation → Auth → Business Logic → Query → Response. Separation enables testing, scaling, maintenance.","Here is a simple conceptual sketch of a data architecture pipeline with labels and common examples for each component:

```text
+-----------------+       +-----------------+       +-----------------+       +-----------------+
|   DATA SOURCE   | ----> |     STORAGE     | ----> |   PROCESSING    | --...",8.8/20 (44%)
68,ARCH_02,Architecture & Design,"Design a scalable data warehouse for Ford sales data. Consider: volume, variety,...","Scalability: Stateless API servers (horizontal), Connection pooling, Read replicas for queries, Cache layer (Redis) for frequent lookups, Async jobs for heavy processing.","To build a scalable data warehouse for Ford sales data that effectively manages massive Volume, diverse Variety, and varied Velocity, I recommend a Cloud Data Lakehouse Architecture based on AWS. 

The optimal tech stack utilizes Amazon S3 for scalable, low-cost raw data storage (Data Lake) to handl...",12.8/25 (51%)
69,ARCH_03,Architecture & Design,Design real-time monitoring pipeline: Streaming telemetry â†’ Anomaly detection ...,"Data flow: Ingest (APIs, files) → Stream (message queue) → Process (rules, enrichment) → Store (hot/cold data) → Consume (analytics, applications). Patterns: event-driven, lambda (batch + stream), kappa (stream only).","A scalable real-time monitoring pipeline architecture utilizing **OpenTelemetry** and **Apache Kafka** for telemetry ingestion, **Apache Flink** for stateful anomaly detection, **InfluxDB/Grafana** for time-series storage and visualization, and **PagerDuty** for alert routing.",N/A
70,ARCH_04,Architecture & Design,"Design an enterprise data ecosystem: Multiple sources, data lake, data warehouse...","Dependencies: (1) External APIs (Salesforce), (2) File uploads, (3) Message queue, (4) Databases, (5) Cache. Resilience: timeouts, retries, circuit breakers, fallback values, health checks.","An enterprise data ecosystem is a multi-layered architecture where **Data Sources** (APIs, DBs, IoT) flow through an **Ingestion Layer** (Batch/Streaming) into a centralized **Data Lake** (for raw, scalable storage and ML model training). The data is then transformed and aggregated into a structured...",15.1/30 (50%)
71,DEBUG_01,Debugging & Troubleshooting,Here's a broken SQL query: 'SELECT model FROM sales WHERE units_sold > 100000 GR...,"Steps: (1) Reproduce with minimal data, (2) Check logs (timestamps, error codes, stack trace), (3) Compare inputs vs expected outputs, (4) Check external dependencies, (5) Binary search code sections.","The query fails because the column `model` is in the `SELECT` clause, but the `GROUP BY` clause is grouping by `region`. In SQL, any column specified in the `SELECT` clause must either be included in the `GROUP BY` clause or be wrapped in an aggregate function (like `COUNT()`, `SUM()`, etc.). 

To f...",12.9/20 (65%)
72,DEBUG_02,Debugging & Troubleshooting,Python code returns wrong results: df[df['repair_cost'] > 200] returns negative ...,"Tools: IDE debugger (breakpoints, watch variables), print debugging, logging levels (DEBUG/INFO/ERROR), profilers (CPU/memory), database query logs. For performance: measure function duration, identify bottlenecks.","The `repair_cost` column's data type is currently a **string (or `object`)** rather than a numeric type (like `int` or `float`). 

When you use the `>` operator on a column containing strings, Python handles it as a type-comparison or lexicographical (alphabetical) comparison rather than a mathemati...",11.6/20 (58%)
73,DEBUG_03,Debugging & Troubleshooting,ETL pipeline hangs on large dataset. Original code works fine on small data. Ide...,"Bug patterns: Off-by-one in loops, null pointer on empty data, type conversion errors, date arithmetic bugs, incorrect aggregation grouping, race conditions in async code.","The pipeline is likely hanging due to resource exhaustion (Out of Memory/thrashing), database transaction limits, algorithmic inefficiency, or network timeouts. To resolve this, you must shift from processing data in a single monolithic block to chunked/batched processing. 

Here is a detailed break...",16.4/25 (66%)
74,DEBUG_04,Debugging & Troubleshooting,Data quality issue: Aggregated results don't match raw data. Warranty claims tot...,"High-level issue diagnosis: (1) Business logic incorrect? Check calculations. (2) Data incomplete? Check source filters, joins. (3) Performance slow? Profile. (4) External service down? Check dependencies.","I would debug this systematically using a 6-step approach: 
1) **Verify data freshness** to rule out timing delays between raw and aggregate pipelines.
2) **Drill down by dimensions** (date, region, status) to isolate the exact subset of mismatched data. 
3) **Inspect JOIN logic** to identify fan-ou...",14.4/25 (58%)
75,DEBUG_05,Debugging & Troubleshooting,Complex bug: Model predictions are inconsistent. Same input sometimes gives diff...,"Prevention: Unit tests for edge cases (empty, single, large), code review (extra eyes catch logic errors), staging environment (test real-like data), monitoring (alert on anomalies).","To resolve inconsistent model predictions for the same input, you must systematically eliminate non-determinism from your inference pipeline.",17.2/30 (57%)
76,PERF_01,Performance Optimization,Optimize this query (slow scan on large table): SELECT * FROM warranty_claims WH...,"SQL optimization: (1) Index on WHERE/JOIN columns, (2) Avoid SELECT *, (3) Partition on date, (4) Materialized views for expensive aggregations, (5) Analyze query plans EXPLAIN.",SELECT * FROM warranty_claims WHERE model = 'Escape';,9.8/20 (49%)
77,PERF_02,Performance Optimization,This Python loop is slow on large dataframes. Vectorize it: for i in range(len(d...,"Application optimization: (1) Batch operations (N+1 problem), (2) Caching layer, (3) Async processing for non-critical tasks, (4) Connection pooling, (5) Remove unnecessary computations.",df['revenue'] = df['units'] * df['model'].map(price_map),9.2/20 (46%)
78,PERF_03,Performance Optimization,Huge join between sales (1M rows) and warranty (500K rows) is very slow. Propose...,"Benchmarking: Measure baseline (old vs new), latency percentiles (p50/p95/p99), throughput (requests/sec), resource usage (CPU/memory). Tool: Apache JMeter, load simulators.",Indexing,11.4/25 (46%)
79,PERF_04,Performance Optimization,Data pipeline times out processing 10GB dataset. What optimization techniques wo...,"Common bottlenecks: Unindexed queries (database), network round-trips (N+1), lack of caching, inefficient algorithms (quadratic complexity), blocking operations.","To optimize a pipeline timing out on a 10GB dataset, you should implement chunking/streaming to process data in smaller batches, switch from CSVs to compressed columnar formats like Parquet, utilize multi-threaded/out-of-core processing frameworks like Polars or Dask, downcast data types (e.g., floa...",16.2/25 (65%)
80,PERF_05,Performance Optimization,Design query optimization strategy for a data warehouse with billions of rows. I...,"Scalability: Horizontal (add servers/instances), Vertical (bigger machine), Caching (reduce compute), Async (non-blocking), Batch (aggregate work), Data partitioning (distribute load).","A robust query optimization strategy for a billion-row data warehouse relies on three foundational pillars: 
1) **Partitioning** (typically time-based) to enable partition pruning and minimize scanned data, trading off poor performance on non-partitioned filters and potential metadata bloat. 
2) **I...",18.5/30 (62%)
81,CODREV_01,Code Review & Issue Detection,"Review this Python code: 'import numpy as np
data = np.array([1,2,3])
result = c...",Missing function definition or import for calculate_mean,"The function `calculate_mean` is not defined, which will cause a `NameError`. To fix this, you should use NumPy's built-in mean function by changing it to `result = np.mean(data)`.",11.9/20 (60%)
82,CODREV_02,Code Review & Issue Detection,Identify issues in this SQL: 'SELECT * FROM sales WHERE date > 2024'. What could...,"Missing quotes around date string, potential NULL handling issues, missing year format specification","Here are the main issues that could break this SQL query:

1. **Data Type Mismatch (The primary breaking issue):** The column `date` is likely of type `DATE`, `DATETIME`, or `TIMESTAMP`, but `2024` is an `INTEGER`. Most strict SQL databases (like PostgreSQL, SQL Server, or Oracle) will immediately t...",12.2/20 (61%)
83,CODREV_03,Code Review & Issue Detection,"Review this API endpoint code. Identify missing error handling, validation, and ...","No input validation, SQL injection risk, no error handling for not found, no authentication, no logging","### 1. Security Issues
* **Critical Logic Flaw / Data Leak:** The `.filter(id==id)` expression compares the local parameter `id` to itself, which always evaluates to `True`. This means the query will ignore the requested ID and always return the very first user in the database. It must be changed to...",14.9/25 (59%)
84,CODREV_04,Code Review & Issue Detection,This data pipeline is missing critical components. Identify all gaps: Load CSV â...,"Data validation, error handling, logging, monitoring, retry logic, schema validation, notification on failure, backup/recovery","While ""Load CSV → Transform → Export"" represents the basic mechanics of an ETL (Extract, Transform, Load) process, a robust production-level data pipeline is missing several critical components:

1. **Data Validation & Quality Checks:** Assertions to verify schema, handle missing values, drop duplic...",N/A
85,CODREV_05,Code Review & Issue Detection,Complete code review: Find 5+ issues in this production code: 'def process_data(...,"No error handling, no logging, no data validation, hardcoded paths, no type hints, no documentation, race conditions possible, no rollback mechanism","Here is the complete code review identifying 6 critical issues in the provided snippet, followed by a production-ready refactored version.

### Issues Identified:
1. **Hardcoded File Paths**: The file names `""data.csv""` and `""output.csv""` are hardcoded magic strings. This makes the function rigid, l...",17.9/30 (60%)
86,LIBFIX_01,Library & Dependency Management,Code uses 'import pandas as pd' but pandas might not be installed. How would you...,"Try-except import with fallback to CSV/dict operations, or suggest requirements.txt with version pinning","You can handle this gracefully by using a `try-except` block to catch the `ImportError`. This allows your script to either alert the user to install the missing package or automatically fall back to native Python alternatives.

Here is the code to handle the missing import:

```python
try:
    impor...",12.3/20 (62%)
87,LIBFIX_02,Library & Dependency Management,A data analysis script needs to handle both Excel and CSV files. What libraries ...,"pandas (Excel+CSV), openpyxl (Excel), or xlrd (older Excel). Suggest pandas for unified interface","I would use **Pandas** (for unified data analysis and CSV/Excel reading via `read_csv` and `read_excel`) and **Openpyxl** (as the underlying engine required by Pandas to parse and write modern `.xlsx` Excel files). Pandas allows you to load either file type into a unified DataFrame, making downstrea...",12.3/20 (62%)
88,LIBFIX_03,Library & Dependency Management,Your code uses deprecated functions from an old library version. How would you i...,"Check changelog, use deprecation warnings, version constraints, test suite, automated migration tools","You can identify breaking changes and migrate by locating deprecations via linters/runtime warnings, consulting the library's official changelogs and migration guides for replacements, refactoring the code to use the recommended updated alternatives, and running comprehensive tests to ensure the exp...",16.4/25 (65%)
89,LIBFIX_04,Library & Dependency Management,You need to add new functionality that requires a new library. How do you evalua...,"Performance benchmark, feature comparison, maintenance status, ecosystem integration, learning curve, production readiness","Evaluate based on data size and compute environment: Use **Pandas** for standard, in-memory data with heavy ecosystem dependencies; use **Polars** for maximum single-node performance and memory-efficient out-of-core processing; use **Dask** when data scale requires distributed computing across a clu...",16.1/25 (64%)
90,LIBFIX_05,Library & Dependency Management,Build a dependency resolution strategy: Handle 10 libraries with conflicting ver...,"Virtual environments, Docker, requirements.txt with version ranges, constraint files, dependency tree analysis, testing matrix","A multi-tiered strategy that sequentially applies dependency graph mapping, version range intersection, package-manager forced overrides, namespace shadowing/aliasing for mutually exclusive major versions, and local package patching, ultimately validated by rigorous automated testing to ensure runti...",19.6/30 (65%)
91,COMM_01,Communication & Documentation,This function has no docstring or comments. Write proper documentation: 'def cal...,"Status update: 'Completed data validation (200 records verified). Fixed 3 data quality issues. Ready for analyst review by EOD.' Specific, quantified, timeline.","def calc(x, y):
    """"""
    Calculate the sum of the product and the quotient of two numbers.

    Args:
        x (int or float): The first number.
        y (int or float): The second number. This value cannot be zero.

    Returns:
        float: The result of the calculation (x * y) + (x / y).

...",10.6/20 (53%)
92,COMM_02,Communication & Documentation,Review this code comment: '# do stuff'. How would you improve it?,"Complex topic: Start with high-level (1-2 sentences), then details. Example: 'Sales variance traced to regional inventory. Q2 Asia had 40% lower supply due to shipment delays. Impact: 15% revenue miss.'","Replace it with a specific, meaningful comment that explains the *intent* (the ""why"") and context of the code, or delete the comment entirely if the code itself is clear and self-documenting.",11.2/20 (56%)
93,COMM_03,Communication & Documentation,"Create API documentation for an endpoint. Include endpoint, params, response for...",Technical explanation: Use analogies. 'Database indexing works like book table of contents—find section directly instead of reading every page.' Then explain actual technical benefit.,"# API Reference: Get User Profile

## Endpoint
**GET** `/api/v1/users/{user_id}`

Retrieves the detailed profile information of a specific user.

---

## Parameters

### Path Parameters
| Name | Type | Required | Description |
| :--- | :--- | :--- | :--- |
| `user_id` | `string` | Yes | The unique i...",14.2/25 (57%)
94,COMM_04,Communication & Documentation,Document a complex SQL query with CTEs. Explain what each CTE does and final out...,"Bad news delivery: Lead with impact, explain root cause, offer solution. 'Warranty claims up 12% (higher than expected). Vehicles from batch 2024-02 affected. Implementing sensor replacement program.'","Here is a complex SQL query that performs a Customer RFM (Recency, Frequency, Monetary) analysis to categorize customers into strategic segments based on their purchasing behavior.

### SQL Query
```sql
WITH customer_base_metrics AS (
    -- CTE 1: Aggregate raw transactional data per customer
    S...",16.7/25 (67%)
95,COMM_05,Communication & Documentation,"Write complete Project README including: setup, usage, architecture, troubleshoo...",Documentation: For analysts—explain business context & limitations. For developers—code examples & error cases. For leaders—ROI & timelines. Audience-appropriate depth & terminology.,"# <Project Name>

> A brief description of what this project does and who it's for.

[![License](https://img.shields.io/badge/license-MIT-blue.svg)](LICENSE)
[![PRs Welcome](https://img.shields.io/badge/PRs-welcome-brightgreen.svg)](CONTRIBUTING.md)

## Table of Contents
- [Setup](#setup)
- [Usage](...",18.4/30 (61%)
96,SECURE_01,Security & Best Practices,"Identify security issue: 'password = input(""Enter password: ""); db_query(f""SELEC...","SQL injection vulnerability, password exposed in memory, credentials in code, no hashing",SQL Injection,12.4/20 (62%)
97,SECURE_02,Security & Best Practices,API stores API keys in config file. What are security risks and proper approach?,"Hardcoded secrets risk, use environment variables or secrets manager, never commit to git","The primary security risk is exposing the API keys to unauthorized users, particularly through version control leaks (e.g., pushing to GitHub), which can lead to data breaches and financial theft. The proper approach is to completely decouple secrets from your source code by using environment variab...",13.3/20 (67%)
98,SECURE_03,Security & Best Practices,This code doesn't validate user input before processing. List validation checks ...,"Type checking, length validation, format validation, SQL injection prevention, XSS prevention, range checking","Since no specific code was provided, here is a comprehensive list of standard input validation checks that should generally be applied to user input before processing:

1. **Presence/Null Checking:** Ensure that required fields are not missing, null, empty, or consisting only of whitespace.
2. **Dat...",15.4/25 (62%)
99,SECURE_04,Security & Best Practices,Design secure data pipeline: Load sensitive data â†’ Process â†’ Store. What saf...,"Encryption in transit/at rest, access controls, audit logging, data masking, retention policies, compliance","A secure data pipeline relies on a Defense in Depth architecture across all stages: 
1) **Load:** Enforce TLS 1.3, Mutual Authentication, input sanitization, and network isolation (VPC/PrivateLink). 
2) **Process:** Utilize ephemeral compute environments, enforce immediate data masking/tokenization,...",N/A
100,SECURE_05,Security & Best Practices,"Implement complete security review checklist for production code: auth, encrypti...","Authentication/authorization, input validation, encryption, logging/monitoring, error handling, rate limiting, compliance","Below is a comprehensive production-ready security review checklist based on industry standards (like OWASP Top 10 and ASVS) to ensure your code is secure before deployment.

### 1. Authentication & Identity Management
- [ ] **Strong Password Hashing:** Passwords are hashed using strong, salted, ada...",17.6/30 (59%)
101,TEST_01,Testing & Quality Assurance,"Write unit tests for function: 'def add(a, b): return a + b'. Cover all cases.","Pyramid: 70% unit tests (fast, isolated), 20% integration tests (component interaction), 10% E2E tests (full workflow). Tools: pytest, unittest (Python), mock for dependencies.","import unittest

def add(a, b):
    return a + b

class TestAddFunction(unittest.TestCase):
    
    # --- Integer Tests ---
    def test_add_positive_integers(self):
        self.assertEqual(add(10, 5), 15)

    def test_add_negative_integers(self):
        self.assertEqual(add(-10, -5), -15)

    ...",11.4/20 (57%)
102,TEST_02,Testing & Quality Assurance,Design integration test for: Load CSV â†’ Transform â†’ Save. What to test?,"Unit test structure: Arrange (setup), Act (call function), Assert (check result), Cleanup (teardown). Name: test_<function>_<scenario>. Cover: happy path, edge cases, errors.","Here is the design of what to test and how to structure it:

### 1. What to Test (Key Assertions)
*   **End-to-End Execution:** Verify that the pipeline can run sequentially from the Load step, through the Transform step, and complete the Save step without throwing exceptions when provided a valid C...",N/A
103,TEST_03,Testing & Quality Assurance,"Create test strategy for data pipeline with CI/CD. Include unit, integration, en...","Coverage target: 80%+ lines. Tools: coverage.py. But focus on critical paths, not just percentage. Untested exception handlers more valuable than untested comments.","A robust test strategy for a data pipeline ensures data quality, code reliability, and seamless deployments. Below is a comprehensive testing strategy tailored for data engineering, integrating Unit, Integration, and End-to-End (E2E) testing within a CI/CD lifecycle.

### 1. Unit Testing (The Founda...",14.6/25 (58%)
104,TEST_04,Testing & Quality Assurance,How would you test this complex SQL query? What edge cases?,"Integration tests: Use test database, fixtures for sample data, verify workflows (query → transform → load). Async tests with proper awaits. Database rollback per test.","To thoroughly test a complex SQL query, you must isolate its logic, validate it against mock data, and stress-test it against edge cases. Here is the step-by-step methodology and the exact edge cases to look out for:

### 1. Step-by-Step Testing Strategy

*   **Deconstruct the Query:** Break the com...",14.2/25 (57%)
105,TEST_05,Testing & Quality Assurance,"Design comprehensive test suite: unit tests, integration tests, performance test...","CI/CD integration: Run tests on every commit, report results, block merge if failures. Setup: GitHub Actions, Jenkins, GitLab CI. Parallelization for speed.","Here is a comprehensive test suite design for a standard backend system (e.g., an E-commerce API or Data Pipeline). The design uses Python standard tooling (Pytest, Locust, Pydantic) to demonstrate the architecture, but the concepts apply universally.

### 1. Test Suite Directory Structure
A well-or...",17.1/30 (57%)
106,SAT_01,Saturation & Complexity Limits,"Process this moderately complex dataset: Join 3 tables, clean data, calculate 5 ...","Saturation scenario: Database hits max connections, API response time exceeds SLA, memory growing (leak). Diagnosis: Monitor connection pool, query slow log, heap dump.","import pandas as pd
import numpy as np

# ==========================================
# STEP 0: Generate Mock Dataset (3 Tables)
# ==========================================
customers_data = {
    'customer_id': [1, 2, 3, 4, 5],
    'region': ['North', 'South', 'East', 'West', 'North'],
    'signup_d...",22.8/40 (57%)
107,SAT_02,Saturation & Complexity Limits,"Complex request: Analyze 10+ CSV files, handle schema variations, normalize data...","Handling overload: (1) Queue requests (back-off strategy), (2) Degrade gracefully (reduced features, cached responses), (3) Scale horizontally (add instances), (4) Circuit breaker (fail fast).","import pandas as pd
import numpy as np
import glob
import os

def process_complex_csv_pipeline(input_directory=""data_folder/""):
    # ---------------------------------------------------------
    # 1. READ 10+ CSV FILES & HANDLE SCHEMA VARIATIONS
    # -----------------------------------------------...",25.6/45 (57%)
108,SAT_03,Saturation & Complexity Limits,"Ultimate complexity: Process real-world messy data (missing values, duplicates, ...","Capacity planning: Forecast load growth, calculate resources needed (CPU, memory, storage, connections). Headroom: 20-30% spare capacity for spikes. Test at 150% normal load.","import pandas as pd
import numpy as np
import scipy.stats as stats
from sklearn.model_selection import train_test_split
from sklearn.pipeline import Pipeline
from sklearn.compose import ColumnTransformer
from sklearn.impute import SimpleImputer
from sklearn.preprocessing import StandardScaler, OneHo...",28.5/50 (57%)
109,SAT_04,Saturation & Complexity Limits,"Multi-dimensional analysis: Analyze sales across 4 regions, 8 product categories...","Load shedding: Prioritize requests (VIP users), reject low-priority (background jobs), degraded mode (limited queries). SLA: critical <2s, normal <5s, batch <1hr.","import pandas as pd
import numpy as np
from sklearn.linear_model import LinearRegression
from scipy.stats import zscore
import itertools

# ---------------------------------------------------------
# 1. DATA GENERATION (4 Regions, 8 Categories, 12 Periods)
# -----------------------------------------...",29.0/50 (58%)
110,SAT_05,Saturation & Complexity Limits,Extreme multi-step task: Load data â†’ validate â†’ clean â†’ deduplicate â†’ no...,"Recovery: After saturation resolves, monitor for leaks, restart if needed, analyze root cause (load spike, memory leak, slow query), implement fix, test at scale.","import pandas as pd
import numpy as np
import matplotlib.pyplot as plt
import seaborn as sns
from sklearn.preprocessing import StandardScaler
from sklearn.model_selection import train_test_split
from sklearn.ensemble import RandomForestClassifier
from sklearn.metrics import classification_report, ac...",N/A
111,LCTX_01,Long-Context Handling,"Given a 50-line specification document with 15 requirements, extract all constra...","Prompt organization: (1) Instruction (clear task), (2) Context (data/examples), (3) Format (expected output), (4) Edge cases (special handling). Separate with ## Headers. Summarize complex sections.","*Since the actual specification document was not provided in your prompt, I have created a comprehensive extraction and implementation mapping based on a standard 15-requirement specification (e.g., a User Authentication and Registration Module) to demonstrate exactly how this analysis is structured...",24.5/40 (61%)
112,LCTX_02,Long-Context Handling,"Process 100+ line codebase with interdependencies. Identify design patterns, arc...","With long context: (1) Re-state key questions at end, (2) Use examples from provided data, (3) Reference specific line numbers, (4) Break into logically coherent sections, (5) Test understanding with examples.","Please provide the actual codebase you would like me to analyze. Once you paste the code, I will review it to identify design patterns, architectural issues, security holes, and optimization opportunities.",26.8/45 (60%)
113,LCTX_03,Long-Context Handling,Analyze Ford's production vehicle database with 210+ MILLION records. Query: `pr...,"Data in context: Tabular data formatted, key values highlighted, relevant columns only. Summarize irrelevant sections. Tell model which columns matter for task.","-- To analyze 210+ million records in BigQuery without triggering ""Resources Exceeded"" (memory) errors 
-- and maintaining 100% accuracy (avoiding APPROX_ quantiles), use a distributed aggregation CTE 
-- joined back to the main table instead of an unpartitioned window function (OVER()).

WITH preci...",28.5/50 (57%)
114,LCTX_04,Long-Context Handling,Maintain context through 20-step workflow: requirements â†’ design â†’ code â†’ ...,"Reference handling: If exceeding limit, use: chunks (break into parts), RAG (query-based retrieval), summarization (compress less relevant sections), focusing (extract key info only).","Here is a comprehensive 20-step workflow mapped across the Software Development Life Cycle (SDLC). To effectively track decisions and dependencies, this framework uses a standard web application (e.g., a Task Management API) as the context.

### Phase 1: Requirements
**1. Scope Definition**
* **Acti...",N/A
115,LCTX_05,Long-Context Handling,Process multi-document analysis: correlate findings across 5 different specifica...,"Quality validation: (1) Model answered using provided data?, (2) Numerical answers match context?, (3) References correct sources?, (4) Hallucinations (invented data)? Test on known answers.","Please provide the 5 specification documents you would like me to analyze. 

Once provided, I will process them using the following framework:
1. **Correlation:** Extract key requirements, constraints, and features from all 5 documents and map them into a Requirement Traceability Matrix (RTM) to ide...",31.3/55 (57%)
116,SUST_01,Sustained Performance & Fatigue,Task 1 of 10-task marathon: Solve basic SQL query,SELECT query with correct syntax,SELECT * FROM table_name;,15.6/20 (78%)
117,SUST_02,Sustained Performance & Fatigue,Task 2 of 10: Write Python function to process data,Well-structured function with error handling,"import pandas as pd

def process_data(df):
    """"""
    A generic Python function to process and clean a pandas DataFrame.
    
    Parameters:
    df (pd.DataFrame): The input raw dataset.
    
    Returns:
    pd.DataFrame: The cleaned and processed dataset.
    """"""
    # Create a copy to avoid Set...",11.4/20 (57%)
118,SUST_03,Sustained Performance & Fatigue,Task 3 of 10: Analyze dataset and find patterns,Identified patterns with supporting evidence,"Please provide the dataset and the specific instructions or questions for Task 3, as they were not included in your prompt. Once you share the data, I will analyze it and provide the patterns in the requested format!",12.9/20 (65%)
119,SUST_04,Sustained Performance & Fatigue,Task 4 of 10: Complex multi-step analysis (fatigue now setting in),Multi-step solution maintaining quality despite prior tasks,"Please provide the specific details or data for the complex multi-step analysis, as the actual question or problem appears to be missing from your prompt!",17.1/30 (57%)
120,SUST_05,Sustained Performance & Fatigue,Task 5 of 10: Midpoint - does quality degrade? Comprehensive code review of 50-l...,Thorough review finding 5+ issues despite midpoint fatigue,"Please provide the 50-line script you would like me to review. I am ready to perform a comprehensive code review checking for bugs, security vulnerabilities, performance issues, and code readability, but the script was not included in your prompt.",22.9/35 (65%)
121,SUST_06,Sustained Performance & Fatigue,Task 6 of 10: Post-midpoint challenge. Design system architecture for growing da...,Scalable architecture with trade-off analysis,"To design a scalable system architecture for a continuously growing dataset, a decoupled **Cloud-Native Data Lakehouse** approach is recommended. This ensures compute and storage can scale independently, maximizing performance and cost-efficiency. The architecture consists of five key layers:

1. **...",20.5/35 (58%)
122,SUST_07,Sustained Performance & Fatigue,Task 7 of 10: Performance degradation evident? Write optimized query with explan...,Optimized query with performance justification,"-- Missing original query. Please provide the query, schema, and indexes!

-- GENERIC OPTIMIZATION EXAMPLE:
-- Instead of a slow correlated subquery like:
-- SELECT id, name, (SELECT SUM(amount) FROM orders o WHERE o.user_id = u.id) 
-- FROM users u;

-- Use a JOIN with a derived table to process th...",18.6/35 (53%)
123,SUST_08,Sustained Performance & Fatigue,Task 8 of 10: Fatigue mounting - complex security audit of API code,Comprehensive security review finding critical issues,"Please provide the API code you would like me to audit. The current prompt contains the instructions and title for the task, but the actual code snippet or system context is missing. Once provided, I will perform the complex security audit and identify any vulnerabilities.",23.6/40 (59%)
124,SUST_09,Sustained Performance & Fatigue,Task 9 of 10: Near end - final complex push. Implement machine learning pipeline...,Complete ML pipeline with validation and explanation,"import numpy as np

class StandardScaler:
    """"""Standardizes features by removing the mean and scaling to unit variance.""""""
    def __init__(self):
        self.mean_ = None
        self.std_ = None

    def fit(self, X, y=None):
        self.mean_ = np.mean(X, axis=0)
        self.std_ = np.std(X,...",25.6/45 (57%)
125,SUST_10,Sustained Performance & Fatigue,Task 10 of 10: Final marathon task - compare results to Task 1. Has quality degr...,Comprehensive test suite showing maintained quality despite 10-task sequence,"import unittest

class TestWorkflowIntegration(unittest.TestCase):
    def setUp(self):
        # Load baseline metrics from Task 1 and final workflow output
        self.task1_metrics = {""accuracy"": 0.98, ""data_loss"": 0.0}
        self.final_metrics = self.run_full_workflow_and_get_metrics()

    d...",25.6/45 (57%)
126,SWITCH_01,Context Switching & Task Clarity,"Working on Python: 'def process_data(file): ...'. Now, DIFFERENT TOPIC: Write SQ...",Pure SQL query without Python wrapper or integration,"SELECT customer_id, SUM(revenue) AS total_revenue
FROM orders
GROUP BY customer_id
ORDER BY total_revenue DESC
LIMIT 10;",11.4/20 (57%)
127,SWITCH_02,Context Switching & Task Clarity,Context: You've been analyzing warranty data. NEW TOPIC: Design REST API endpoin...,"Clear API endpoint design with request/response format, not continued data analysis",I have cleanly switched to the new topic without continuing the previous data analysis. Here is the REST API design for warranty claims:,14.1/20 (71%)
128,SWITCH_03,Context Switching & Task Clarity,Discuss Python async patterns. SWITCHING: Now explain how to implement caching i...,"PostgreSQL caching (no Python code), recognizing implicit switch","Implicit transitions are perfectly clear; you do not need to explicitly say ""stop Python, start SQL"" as modern LLMs easily understand context shifts from simple conversational cues.",14.4/25 (58%)
129,SWITCH_04,Context Switching & Task Clarity,Rapid switches without explicit markers: 1) 'Write Python error handler' 2) 'Cre...,"All 4 tasks completed separately and correctly, no cross-contamination","Yes, AI can successfully track these rapid context switches without confusion. The distinct technical keywords (Python, HTML, SQL, API) act as strong semantic boundaries, allowing the model's attention mechanism to recognize and process each task individually. The only potential ""confusion"" is that ...",14.2/25 (57%)
130,SWITCH_05,Context Switching & Task Clarity,Complex nested switch: Start Python script â†’ switch to SQL query â†’ show how ...,"All 5 contexts maintained, integration shown correctly, no contradictions","No loss of context occurred. The original context (retrieving active user data) was successfully maintained and logically advanced across all four tracked switches: from building the initial Python connection stub, drafting the SQL query, integrating the query into the script, fortifying the script ...",N/A
131,SWITCH_06,Context Switching & Task Clarity,Vague topic switch: 'Working on data pipeline. Now do the other thing.' What doe...,"Asks for clarification about what 'other thing' means, or makes reasonable assumption with caveats","The AI relies on conversation history to assume what ""the other thing"" is. If no context exists, it will make an educated guess based on standard data workflows (like model training or analytics) while explicitly asking you for clarification. Because of the ambiguous prompt, the resulting output wil...",16.2/25 (65%)
132,SWITCH_07,Context Switching & Task Clarity,Implicit domain switch with shared concepts: 'Optimize sales database performanc...,"Correctly applies optimization concepts from SQL to API caching, recognizing conceptual transfer","No, it does not apply correctly across domains for two main reasons:

1. **Lack of Shared Concepts:** SQL optimization techniques (e.g., B-tree indexing, query plan analysis, table normalization, and join strategies) are functionally distinct from API response caching mechanisms (e.g., Time-to-Live ...",19.1/30 (64%)
133,SWITCH_08,Context Switching & Task Clarity,Requires maintaining two contexts in parallel: 'Implement Python function AND si...,"Both implementations correct and synchronized, clear which is primary","Neither is inherently primary; they act as co-primary contexts. Whichever language you specify a change in becomes the temporary ""source of truth,"" and I will automatically synchronize the other to match it. Yes, I can keep them perfectly synchronized throughout our conversation. 

Since you didn't ...",19.9/35 (57%)
134,SWITCH_09,Context Switching & Task Clarity,Conflicting topics with same variable names: Write function with 'data' variable...,"Clear distinction between Python variable and SQL table, proper integration","Technically, **no confusion occurs for the computer**. Python and SQL operate in strictly isolated execution contexts and namespaces. The Python interpreter treats the SQL query purely as a literal string and resolves the `data` parameter in its local scope, while the SQL database engine parses the ...",19.9/35 (57%)
135,SWITCH_10,Context Switching & Task Clarity,Multi-stage recursive switching: 1) Python script 2) Its SQL queries 3) Performa...,All 6 stages complete with correct context and proper integration between stages,"""""""
Multi-stage Recursive System: Order Management
Context Inheritance: DB Script -> SQL -> Optimization -> Cache -> API Wrapper -> Tests
""""""

# ==========================================
# STAGE 2: SQL QUERIES & STAGE 3: OPTIMIZATION (DB Layer)
# ==========================================
# Context...",22.8/40 (57%)
136,WRITE_01,Writing & Content Generation,Summarize this article in exactly 100 words (Â±5 words acceptable). Focus on the...,"100-word summary: Topic (15), Benefits (40), Impact (30), Conclusion (15).",The provided text outlines essential formatting instructions designed to standardize user responses. The main benefit highlighted is that strictly adhering to these guidelines helps ensure answers are correctly evaluated by automated systems. This structured approach improves clarity across various ...,15.9/30 (53%)
137,WRITE_02,Writing & Content Generation,Write a polished product requirements document (200 words) that synthesizes thes...,PRD (200w): Exec (50) → Problem (40) → Solution (60) → Metrics (30) → Timeline (20).,"**Executive Summary**
Synthesizing recent stakeholder notes, this PRD outlines ""RetainAI,"" a predictive churn dashboard engineered to increase enterprise retention by 15% and protect $10M in ARR. By aggregating user behavioral data and platform usage patterns, this solution empowers our Customer Suc...",15.9/30 (53%)
138,WRITE_03,Writing & Content Generation,Rewrite this technical description for three different audiences in 80 words eac...,"3 versions @ 80w: Executive (ROI), Technical (Architecture), End-user (Benefits).","*(Note: Since no original text was provided in the prompt, I have based these rewrites on a standard technical scenario: implementing a predictive machine-learning caching layer to optimize a database.)*",19.9/35 (57%)
139,WRITE_04,Writing & Content Generation,Convert this narrative into structured format: (1) Feature Overview (2-3 sentenc...,Sections: Overview (2-3s) → Benefits (3-5b) → Requirements (2-3b) → Criteria (2-3b) → Timeline (1-2s).,"*(Note: Since no specific narrative was provided in your prompt, I have applied the requested structure and exact constraints to a hypothetical ""Password Reset"" feature to demonstrate the format.)*",15.9/30 (53%)
140,WRITE_05,Writing & Content Generation,Write the complete API documentation section (300-350 words) that includes secti...,API docs: Overview (40) → Auth (50) → Endpoints (100) → Errors (40) → Limits (30) → Examples (60).,"## 1. Authentication Setup
To interact securely with our core platform, you must authenticate all API requests using a standard Bearer token. You can generate your unique API keys directly from the developer dashboard under the security settings. Include this secret key in the `Authorization` header...",19.9/35 (57%)
141,WRITE_06,Writing & Content Generation,Write three 150-word versions of this migration announcement for: (1) Executive ...,"3 versions @ 150w: Executive (impact), Technical (details), Users (transition).","**1. Executive Audience (CEO/CFO)**
We are pleased to announce the enterprise-wide migration to our new cloud infrastructure, scheduled for Q3. This strategic upgrade will reduce annual IT operational costs by 18% and increase system uptime to 99.99%, directly supporting our scalable growth objectiv...",19.9/35 (57%)
142,WRITE_07,Writing & Content Generation,Expand this 20-word concept into a 300-word explanation for technical documentat...,"Business case: Problem (25%), ROI (35%), Timeline (15%), Risks (15%), Recommendation (10%).","Database indexing is a fundamental optimization technique that accelerates data retrieval by minimizing the disk I/O required during query execution. Instead of forcing a sequential scan—where the engine evaluates every row—an index provides a separate, structured pointer system that allows the data...",17.1/30 (57%)
143,WRITE_08,Writing & Content Generation,Compress this 410-word email to exactly 200 words (Â±5 words) while retaining al...,"User guide: Introduction (10%), Getting started (20%), Step-by-step (40%), Troubleshooting (20%), Support (10%).","Team, 

Please mark your calendars for our annual strategic planning meeting on Monday, October 25, 2023. We will convene from 9:00 AM to 4:00 PM in the Executive Conference Room on the third floor. 

The core purpose of this gathering is to finalize our corporate objectives and align all department...",N/A
144,WRITE_09,Writing & Content Generation,Write a 250-word business case for expense management system implementation that...,"Press release: Headline, Subheading, Lead paragraph (5W+H), Quotes (2-3), Company background, Close/CTA.","**Problem Statement**
Our current manual expense reporting process relies on disjointed spreadsheets and physical receipts, creating critical operational bottlenecks. Finance spends over 40 hours monthly chasing approvals and fixing data entry errors. Employees suffer through three-week wait times f...",19.9/35 (57%)
145,WRITE_10,Writing & Content Generation,Write a technical blog post titled 'Building Scalable Systems with Microservices...,"Email campaign: Subject line (compelling), Preview text (16-24 chars), Body (context), CTA button, Footer (opt-out).","Microservices architecture enables high scalability and rapid deployment by breaking down monolithic applications into independent, loosely coupled services. To build these systems successfully, engineering teams must define strict service boundaries using Domain-Driven Design, implement robust asyn...",22.8/40 (57%)
